{
  "src\\App.jsx": 1776329613.0207253,
  "src\\main.jsx": 1774891288.4944873,
  "src\\polyfills.js": 1774891288.5060136,
  "src\\components\\charts\\OrdersBarChart.jsx": 1776189643.5018892,
  "src\\components\\charts\\RevenueAreaChart.jsx": 1776189643.5028899,
  "src\\components\\layout\\AdminLayout.jsx": 1776189643.5018892,
  "src\\components\\layout\\ChefLayout.jsx": 1776287539.626363,
  "src\\components\\layout\\KitchenLayout.jsx": 1776287539.6285524,
  "src\\components\\layout\\Sidebar.jsx": 1776189643.5038886,
  "src\\components\\layout\\StudentLayout.jsx": 1776189643.5028899,
  "src\\components\\layout\\Topbar.jsx": 1776168312.4202905,
  "src\\components\\ui\\Badge.jsx": 1776189643.5038886,
  "src\\components\\ui\\Button.jsx": 1776189643.5038886,
  "src\\components\\ui\\CanteenBanner.jsx": 1776313671.975658,
  "src\\components\\ui\\CanteenReadinessCard.jsx": 1776287539.6243598,
  "src\\components\\ui\\Drawer.jsx": 1776189643.5038886,
  "src\\components\\ui\\ErrorBoundary.jsx": 1774891289.2571733,
  "src\\components\\ui\\Input.jsx": 1776189643.5038886,
  "src\\components\\ui\\InvoicePreviewModal.jsx": 1776243542.403763,
  "src\\components\\ui\\ManagerPhoneScannerModal.jsx": 1776449819.412136,
  "src\\components\\ui\\Modal.jsx": 1776189643.5048885,
  "src\\components\\ui\\NotificationBell.jsx": 1776189643.5048885,
  "src\\components\\ui\\PageLoader.jsx": 1776189643.5058956,
  "src\\components\\ui\\Pagination.jsx": 1774891289.331946,
  "src\\components\\ui\\QRScannerModal.jsx": 1776376764.8778276,
  "src\\components\\ui\\RatingModal.jsx": 1776226750.6257234,
  "src\\components\\ui\\Skeleton.jsx": 1776189643.5058956,
  "src\\components\\ui\\StarRating.jsx": 1776226750.618718,
  "src\\components\\ui\\StatCard.jsx": 1776189643.5058956,
  "src\\components\\ui\\ThemeToggle.jsx": 1776189643.5058956,
  "src\\components\\ui\\WalletButton.jsx": 1774891289.2837462,
  "src\\context\\AuthContext.jsx": 1776438321.4496963,
  "src\\context\\BlockchainContext.jsx": 1776189643.5058956,
  "src\\context\\CanteenContext.jsx": 1776313623.5198698,
  "src\\context\\CartContext.jsx": 1776433253.127477,
  "src\\context\\NotificationContext.jsx": 1776193001.821443,
  "src\\context\\ThemeContext.jsx": 1776189643.5058956,
  "src\\hooks\\useAnalytics.js": 1774891288.566674,
  "src\\hooks\\useCanteenStatus.js": 1776164971.305463,
  "src\\hooks\\useDebounce.js": 1774891288.5981789,
  "src\\hooks\\useLocalStorage.js": 1774891288.5270543,
  "src\\hooks\\useMenu.js": 1774891288.587605,
  "src\\hooks\\useOrders.js": 1776192348.2544043,
  "src\\hooks\\usePagination.js": 1774891288.5534794,
  "src\\hooks\\useWebSocket.js": 1775999304.2635458,
  "src\\pages\\NotFound.jsx": 1776189643.5058956,
  "src\\pages\\admin\\AdminAnalytics.jsx": 1776189643.5058956,
  "src\\pages\\admin\\AdminDashboard.jsx": 1776189643.5084,
  "src\\pages\\admin\\AdminLayout.jsx": 1776189643.5084,
  "src\\pages\\admin\\AdminMenu.jsx": 1776189643.5084,
  "src\\pages\\admin\\AdminOrders.jsx": 1776189643.5084,
  "src\\pages\\admin\\AdminUsers.jsx": 1776189643.495877,
  "src\\pages\\admin\\CanteenToggle.jsx": 1776252237.166561,
  "src\\pages\\auth\\Login.jsx": 1776290588.9995844,
  "src\\pages\\auth\\OAuthSuccess.jsx": 1775995435.8823073,
  "src\\pages\\auth\\Register.jsx": 1776189643.5094016,
  "src\\pages\\chef\\ChefMenu.jsx": 1776189643.5094016,
  "src\\pages\\chef\\ChefOrders.jsx": 1776438311.6197083,
  "src\\pages\\kitchen\\KitchenDashboard.jsx": 1776277174.0859456,
  "src\\pages\\manager\\ExternalScanner.jsx": 1776438407.8719776,
  "src\\pages\\student\\Cart.jsx": 1776433226.8547375,
  "src\\pages\\student\\Menu.jsx": 1776334129.1080985,
  "src\\pages\\student\\OrderInvoices.jsx": 1776366962.741446,
  "src\\pages\\student\\Orders.jsx": 1776366933.9262896,
  "src\\pages\\student\\Profile.jsx": 1776366969.2180037,
  "src\\routes\\AppRoutes.jsx": 1776438289.1390548,
  "src\\services\\analytics.js": 1774891288.7625244,
  "src\\services\\api.js": 1776365410.2568402,
  "src\\services\\auth.js": 1776365410.260355,
  "src\\services\\canteenService.js": 1776313636.6750994,
  "src\\services\\cartService.js": 1776433258.4064465,
  "src\\services\\kitchenService.js": 1776287539.625368,
  "src\\services\\managerScannerService.js": 1776438373.6131752,
  "src\\services\\managerService.js": 1776287539.6243598,
  "src\\services\\menu.js": 1776365410.2623565,
  "src\\services\\orders.js": 1776368039.6792815,
  "src\\services\\ratingService.js": 1776230212.7123146,
  "src\\services\\testService.js": 1775845464.870784,
  "src\\services\\websocketService.js": 1776250218.4127455,
  "src\\utils\\cart.js": 1776360522.8023176,
  "src\\utils\\constants.js": 1776438113.276808,
  "src\\utils\\dummyData.js": 1774891288.6982944,
  "src\\utils\\helpers.js": 1775842501.997948,
  "src\\utils\\validators.js": 1774891288.676089,
  "src\\assets\\logo.svg": 1774891289.159091
}